Workbook

Sheet 0_README
B1: BPO WORKFORCE BUFFER PLANNING MODEL
B3: PURPOSE
B4: This workbook calculates required buffer headcount for a BPO project by stacking
B5: all sources of shrinkage and applying the inverse-shrinkage formula.
B7: HOW TO READ EACH TAB
B9: Tab 1 — SRT_Activity: Internal/activity shrinkage (meetings, training, coaching)
B10: Tab 2 — FTE_Demand: Required FTE based on client hours demand
B11: Tab 3 — Weekly_Raw: Raw weekly counts of schedule, planned leave, absence
B12: Tab 4 — Attendance_%: Planned and unplanned absenteeism rates (calc from Tab 3)
B13: Tab 5 — Attrition: Monthly/annualized/rolling attrition
B14: Tab 6 — BUFFER_MASTER: ★ Final shrinkage stack and buffer headcount calculation
B16: COLOR CODING
... B42: Step 4: Reconcile against Actual HC to decide hire / hold / redeploy

Sheet 1_SRT_Activity
A1: SRT ACTIVITY TRACKING — INTERNAL SHRINKAGE BY LOB
A3: LOB | B3: Team Meeting % | C3: Wellness % | D3: Training % | E3: Onboarding % | F3: Coaching % | G3: Available % | H3: Internal Shrinkage %
A4: S Market | B4: 0.02 | C4: 0.015 | D4: 0.02 | E4: 0.005 | F4: 0.03 | G4: =1-SUM(B4:F4) -> 0.91 | H4: =1-G4 -> 0.09
A5: I Market | B5: 0.022 | C5: 0.017 | D5: 0.035 | E5: 0.01 | F5: 0.035 | G5: =1-SUM(B5:F5) -> 0.881 | H5: =1-G5 -> 0.119
A6: O Market | B6: 0.025 | C6: 0.02 | D6: 0.08 | E6: 0.12 | F6: 0.04 | G6: =1-SUM(B6:F6) -> 0.715 | H6: =1-G6 -> 0.285
A9: NOTES
A10: • Internal Shrinkage = time agents are paid but NOT on the queue (meetings, training, etc.)
A11: • Available % is what an interviewer may call Utilization — the % of paid time spent productive
A12: • Business Onboarding shows highest internal shrinkage due to ramp-period training load

Sheet 2_FTE_Demand
A1: FTE DEMAND vs SUPPLY (Client Hours-based)
A3: Productive hours per FTE per month: | B3: 133.52 | C3: (7 prod hrs/day × ~19 working days)
A5: LOB | B5: Required Hours/Mo | C5: Productive Hrs/FTE | D5: Required FTE | E5: Actual HC | F5: HC (+/-) | G5: Status
A6: S Market | B6: 6500 | C6: =$B$3 -> 133.52 | D6: =ROUNDUP(B6/C6,0) -> 49 | E6: 50 | F6: =E6-D6 -> 1 | G6: =IF(F6<0,"UNDER",IF(F6=0,"AT TARGET","OVER")) -> OVER
A7: I Market | B7: 10000 | C7: =$B$3 -> 133.52 | D7: =ROUNDUP(B7/C7,0) -> 75 | E7: 80 | F7: =E7-D7 -> 5 | G7: =IF(F7<0,"UNDER",IF(F7=0,"AT TARGET","OVER")) -> OVER
A8: O Market | B8: 4000 | C8: =$B$3 -> 133.52 | D8: =ROUNDUP(B8/C8,0) -> 30 | E8: 35 | F8: =E8-D8 -> 5 | G8: =IF(F8<0,"UNDER",IF(F8=0,"AT TARGET","OVER")) -> OVER
A10: NOTES
A11: • Required FTE = the productive bodies needed on the queue BEFORE shrinkage is applied
A12: • This is the BASE HEADCOUNT for the buffer calculation in the master sheet
A13: • 'Actual HC' here is the current total roster — already includes whatever buffer was hired

Sheet 3_Weekly_Raw
A1: WEEKLY RAW DATA — Schedule, Planned Leave, Absence by LOB
A3: LOB / Metric | B3: W1 (Nov 02) | C3: W2 (Nov 09) | D3: W3 (Nov 16) | E3: W4 (Nov 23) | F3: W5 (Nov 30) | G3: Total
A4: S Market
A5: Count of Schedule | B5: 270 | C5: 272 | D5: 295 | E5: 298 | F5: 302 | G5: =SUM(B5:F5) -> 1437
A6: Count of Planned Leave | B6: 25 | C6: 26 | D6: 49 | E6: 37 | F6: 46 | G6: =SUM(B6:F6) -> 183
A7: Count of Absence | B7: 13 | C7: 14 | D7: 9 | E7: 11 | F7: 7 | G7: =SUM(B7:F7) -> 54
A8: I Market
A9: Count of Schedule | B9: 452 | C9: 451 | D9: 438 | E9: 443 | F9: 367 | G9: =SUM(B9:F9) -> 2151
A10: Count of Planned Leave | B10: 40 | C10: 24 | D10: 36 | E10: 38 | F10: 99 | G10: =SUM(B10:F10) -> 237
A11: Count of Absence | B11: 23 | C11: 26 | D11: 31 | E11: 20 | F11: 14 | G11: =SUM(B11:F11) -> 114
A12: O Market
A13: Count of Schedule | B13: 123 | C13: 118 | D13: 110 | E13: 105 | F13: 107 | G13: =SUM(B13:F13) -> 563
A14: Count of Planned Leave | B14: 10 | C14: 12 | D14: 21 | E14: 24 | F14: 29 | G14: =SUM(B14:F14) -> 96
A15: Count of Absence | B15: 14 | C15: 7 | D15: 14 | E15: 17 | F15: 9 | G15: =SUM(B15:F15) -> 61
A18: NOTES
A19: • 'Schedule' = raw count of scheduled person-days that week (everyone rostered)
A20: • 'Planned Leave' = approved leave taken (vacation, annual, etc.)
A21: • 'Absence' = unplanned absence (sick leave, no-show, etc.)

Sheet 4_Attendance_%
A1: ATTENDANCE SHRINKAGE — Planned & Unplanned % by LOB
A3: LOB | B3: Total Schedule | C3: Total Planned Leave | D3: Total Absence | E3: Planned Leave % | F3: Unplanned Absent % | G3: Total Attendance Shrinkage %
A4: S Market | B4: ='3_Weekly_Raw'!G5 -> 1437 | C4: ='3_Weekly_Raw'!G6 -> 183 | D4: ='3_Weekly_Raw'!G7 -> 54 | E4: =C4/B4 -> 0.12734864 | F4: =D4/B4 -> 0.037578288 | G4: =E4+F4 -> 0.16492693
A5: I Market | B5: ='3_Weekly_Raw'!G9 -> 2151 | C5: ='3_Weekly_Raw'!G10 -> 237 | D5: ='3_Weekly_Raw'!G11 -> 114 | E5: =C5/B5 -> 0.11018131 | F5: =D5/B5 -> 0.052998605 | G5: =E5+F5 -> 0.16317992
A6: O Market | B6: ='3_Weekly_Raw'!G13 -> 563 | C6: ='3_Weekly_Raw'!G14 -> 96 | D6: ='3_Weekly_Raw'!G15 -> 61 | E6: =C6/B6 -> 0.1705151 | F6: =D6/B6 -> 0.10834813 | G6: =E6+F6 -> 0.27886323
A9: NOTES
A10: • Planned and Unplanned ARE combined for shrinkage math — both reduce floor staffing
A11: • Diagnostically they're different: Planned = controllable lever; Unplanned = engagement signal
A12: • Business Onboarding's high unplanned % is typical for ramp/new-hire LOBs

Sheet 5_Attrition
A1: ATTRITION — Monthly, YTD, Annualized, Rolling Annualized
A3: S Market
A4: Metric | B4: Jan | C4: Feb | D4: Mar | E4: Apr | F4: May | G4: Jun | H4: Jul | I4: Aug
A5: Starting HC | B5: 50 | C5: 50 | D5: 51 | E5: 50 | F5: 51 | G5: 51 | H5: 52 | I5: 51
A6: Ending HC | B6: 50 | C6: 51 | D6: 50 | E6: 51 | F6: 51 | G6: 52 | H6: 51 | I6: 52
A7: Total Attrition | B7: 0 | C7: 0 | D7: 1 | E7: 0 | F7: 0 | G7: 0 | H7: 1 | I7: 0
A8: Monthly Attrition % | B8: =IFERROR(B7/((B5+B6)/2),0) -> 0 | C8: =IFERROR(C7/((C5+C6)/2),0) -> 0 | D8: =IFERROR(D7/((D5+D6)/2),0) -> 0.01980198 | E8: =IFERROR(E7/((E5+E6)/2),0) -> 0 | F8: =IFERROR(F7/((F5+F6)/2),0) -> 0 | G8: =IFERROR(G7/((G5+G6)/2),0) -> 0 | H8: =IFERROR(H7/((H5+H6)/2),0) -> 0.019417476 | I8: =IFERROR(I7/((I5+I6)/2),0) -> 0
A9: YTD Attrition | B9: =IFERROR(SUM(B7:B7)/((B5+B6)/2),0) -> 0 | C9: =IFERROR(SUM(B7:C7)/((B5+C6)/2),0) -> 0 | D9: =IFERROR(SUM(B7:D7)/((B5+D6)/2),0) -> 0.02 | E9: =IFERROR(SUM(B7:E7)/((B5+E6)/2),0) -> 0.01980198 | F9: =IFERROR(SUM(B7:F7)/((B5+F6)/2),0) -> 0.01980198 | G9: =IFERROR(SUM(B7:G7)/((B5+G6)/2),0) -> 0.019607843 | H9: =IFERROR(SUM(B7:H7)/((B5+H6)/2),0) -> 0.03960396 | I9: =IFERROR(SUM(B7:I7)/((B5+I6)/2),0) -> 0.039215686
A10: Annualized Attrition % | B10: =B8*12 -> 0 | C10: =C8*12 -> 0 | D10: =D8*12 -> 0.23762376 | E10: =E8*12 -> 0 | F10: =F8*12 -> 0 | G10: =G8*12 -> 0 | H10: =H8*12 -> 0.23300971 | I10: =I8*12 -> 0
A11: Rolling Annualized % | B11: =AVERAGE($B$8:B8)*12 -> 0 | C11: =AVERAGE($B$8:C8)*12 -> 0 | D11: =AVERAGE($B$8:D8)*12 -> 0.079207921 | E11: =AVERAGE($B$8:E8)*12 -> 0.059405941 | F11: =AVERAGE($B$8:F8)*12 -> 0.047524752 | G11: =AVERAGE($B$8:G8)*12 -> 0.03960396 | H11: =AVERAGE($B$8:H8)*12 -> 0.067233353 | I11: =AVERAGE($B$8:I8)*12 -> 0.058829184
A13: I Market
A14: Metric | B14: Jan | C14: Feb | D14: Mar | E14: Apr | F14: May | G14: Jun | H14: Jul | I14: Aug
A15: Starting HC | B15: 78 | C15: 80 | D15: 81 | E15: 82 | F15: 80 | G15: 81 | H15: 80 | I15: 81
A16: Ending HC | B16: 80 | C16: 81 | D16: 82 | E16: 80 | F16: 81 | G16: 80 | H16: 81 | I16: 80
A17: Total Attrition | B17: 1 | C17: 1 | D17: 2 | E17: 2 | F17: 1 | G17: 2 | H17: 1 | I17: 2
A18: Monthly Attrition % | B18: =IFERROR(B17/((B15+B16)/2),0) -> 0.012658228 | C18: =IFERROR(C17/((C15+C16)/2),0) -> 0.01242236 | D18: =IFERROR(D17/((D15+D16)/2),0) -> 0.024539877 | E18: =IFERROR(E17/((E15+E16)/2),0) -> 0.024691358 | F18: =IFERROR(F17/((F15+F16)/2),0) -> 0.01242236 | G18: =IFERROR(G17/((G15+G16)/2),0) -> 0.02484472 | H18: =IFERROR(H17/((H15+H16)/2),0) -> 0.01242236 | I18: =IFERROR(I17/((I15+I16)/2),0) -> 0.02484472
A19: YTD Attrition | B19: =IFERROR(SUM(B17:B17)/((B15+B16)/2),0) -> 0.012658228 | C19: =IFERROR(SUM(B17:C17)/((B15+C16)/2),0) -> 0.025157233 | D19: =IFERROR(SUM(B17:D17)/((B15+D16)/2),0) -> 0.05 | E19: =IFERROR(SUM(B17:E17)/((B15+E16)/2),0) -> 0.075949367 | F19: =IFERROR(SUM(B17:F17)/((B15+F16)/2),0) -> 0.088050314 | G19: =IFERROR(SUM(B17:G17)/((B15+G16)/2),0) -> 0.11392405 | H19: =IFERROR(SUM(B17:H17)/((B15+H16)/2),0) -> 0.12578616 | I19: =IFERROR(SUM(B17:I17)/((B15+I16)/2),0) -> 0.15189873
A20: Annualized Attrition % | B20: =B18*12 -> 0.15189873 | C20: =C18*12 -> 0.14906832 | D20: =D18*12 -> 0.29447853 | E20: =E18*12 -> 0.2962963 | F20: =F18*12 -> 0.14906832 | G20: =G18*12 -> 0.29813665 | H20: =H18*12 -> 0.14906832 | I20: =I18*12 -> 0.29813665
A21: Rolling Annualized % | B21: =AVERAGE($B$18:B18)*12 -> 0.15189873 | C21: =AVERAGE($B$18:C18)*12 -> 0.15048353 | D21: =AVERAGE($B$18:D18)*12 -> 0.19848186 | E21: =AVERAGE($B$18:E18)*12 -> 0.22293547 | F21: =AVERAGE($B$18:F18)*12 -> 0.20816204 | G21: =AVERAGE($B$18:G18)*12 -> 0.22315781 | H21: =AVERAGE($B$18:H18)*12 -> 0.2125736 | I21: =AVERAGE($B$18:I18)*12 -> 0.22326898
A23: O Market
A24: Metric | B24: Jan | C24: Feb | D24: Mar | E24: Apr | F24: May | G24: Jun | H24: Jul | I24: Aug
A25: Starting HC | B25: 30 | C25: 32 | D25: 34 | E25: 33 | F25: 35 | G25: 34 | H25: 35 | I25: 34
A26: Ending HC | B26: 32 | C26: 34 | D26: 33 | E26: 35 | F26: 34 | G26: 35 | H26: 34 | I26: 35
A27: Total Attrition | B27: 2 | C27: 3 | D27: 4 | E27: 2 | F27: 3 | G27: 2 | H27: 3 | I27: 2
A28: Monthly Attrition % | B28: =IFERROR(B27/((B25+B26)/2),0) -> 0.064516129 | C28: =IFERROR(C27/((C25+C26)/2),0) -> 0.090909091 | D28: =IFERROR(D27/((D25+D26)/2),0) -> 0.11940299 | E28: =IFERROR(E27/((E25+E26)/2),0) -> 0.058823529 | F28: =IFERROR(F27/((F25+F26)/2),0) -> 0.086956522 | G28: =IFERROR(G27/((G25+G26)/2),0) -> 0.057971014 | H28: =IFERROR(H27/((H25+H26)/2),0) -> 0.086956522 | I28: =IFERROR(I27/((I25+I26)/2),0) -> 0.057971014
A29: YTD Attrition | B29: =IFERROR(SUM(B27:B27)/((B25+B26)/2),0) -> 0.064516129 | C29: =IFERROR(SUM(B27:C27)/((B25+C26)/2),0) -> 0.15625 | D29: =IFERROR(SUM(B27:D27)/((B25+D26)/2),0) -> 0.28571429 | E29: =IFERROR(SUM(B27:E27)/((B25+E26)/2),0) -> 0.33846154 | F29: =IFERROR(SUM(B27:F27)/((B25+F26)/2),0) -> 0.4375 | G29: =IFERROR(SUM(B27:G27)/((B25+G26)/2),0) -> 0.49230769 | H29: =IFERROR(SUM(B27:H27)/((B25+H26)/2),0) -> 0.59375 | I29: =IFERROR(SUM(B27:I27)/((B25+I26)/2),0) -> 0.64615385
A30: Annualized Attrition % | B30: =B28*12 -> 0.77419355 | C30: =C28*12 -> 1.0909091 | D30: =D28*12 -> 1.4328358 | E30: =E28*12 -> 0.70588235 | F30: =F28*12 -> 1.0434783 | G30: =G28*12 -> 0.69565217 | H30: =H28*12 -> 1.0434783 | I30: =I28*12 -> 0.69565217
A31: Rolling Annualized % | B31: =AVERAGE($B$28:B28)*12 -> 0.77419355 | C31: =AVERAGE($B$28:C28)*12 -> 0.93255132 | D31: =AVERAGE($B$28:D28)*12 -> 1.0993128 | E31: =AVERAGE($B$28:E28)*12 -> 1.0009552 | F31: =AVERAGE($B$28:F28)*12 -> 1.0094598 | G31: =AVERAGE($B$28:G28)*12 -> 0.95715854 | H31: =AVERAGE($B$28:H28)*12 -> 0.96948993 | I31: =AVERAGE($B$28:I28)*12 -> 0.93526021
A33: NOTES
A34: • Monthly Attrition % uses Average HC ((Start + End) / 2)
A35: • Annualized = the single month's rate × 12 — volatile, only useful for spotting bad months
A36: • Rolling Annualized = average of monthly rates × 12 — this is THE PLANNING NUMBER
A37: • For buffer math, divide Rolling Annualized by 12 to get smoothed monthly attrition rate

Sheet 6_BUFFER_MASTER
A1: ★ SHRINKAGE STACK & BUFFER HEADCOUNT — MASTER CALCULATION
A3: Metric | B3: S Market | C3: I Market | D3: B Market
A4: SHRINKAGE STACK
A5: Layer 1: Internal Activity Shrinkage % | B5: ='1_SRT_Activity'!H4 -> 0.09 | C5: ='1_SRT_Activity'!H5 -> 0.119 | D5: ='1_SRT_Activity'!H6 -> 0.285
A6: Layer 2: Planned Leave % | B6: ='4_Attendance_%'!E4 -> 0.12734864 | C6: ='4_Attendance_%'!E5 -> 0.11018131 | D6: ='4_Attendance_%'!E6 -> 0.1705151
A7: Layer 3: Unplanned Absenteeism % | B7: ='4_Attendance_%'!F4 -> 0.037578288 | C7: ='4_Attendance_%'!F5 -> 0.052998605 | D7: ='4_Attendance_%'!F6 -> 0.10834813
A8: Layer 4: Monthly Attrition Rate | B8: ='5_Attrition'!I11/12 -> 0.004902432 | C8: ='5_Attrition'!I20/12 -> 0.02484472 | D8: ='5_Attrition'!I29/12 -> 0.053846154
A9: TOTAL SHRINKAGE % | B9: =SUM(B5:B8) -> 0.25982936 | C9: =SUM(C5:C8) -> 0.30702464 | D9: =SUM(D5:D8) -> 0.61770939
A11: BUFFER CALCULATION
A12: Buffer % = Shrinkage / (1 − Shrinkage) | B12: =B9/(1-B9) -> 0.35103981 | C12: =C9/(1-C9) -> 0.44305274 | D12: =D9/(1-D9) -> 1.615811
A13: Base Headcount (Required FTE) | B13: ='2_FTE_Demand'!D6 -> 49 | C13: ='2_FTE_Demand'!D7 -> 75 | D13: ='2_FTE_Demand'!D8 -> 30
A14: Buffer Headcount | B14: =ROUNDUP(B13*B12,0) -> 18 | C14: =ROUNDUP(C13*C12,0) -> 34 | D14: =ROUNDUP(D13*D12,0) -> 49
A15: TOTAL REQUIRED HEADCOUNT | B15: =B13+B14 -> 67 | C15: =C13+C14 -> 109 | D15: =D13+D14 -> 79
A17: RECONCILIATION vs CURRENT ACTUAL HC
A18: Actual HC (current) | B18: ='2_FTE_Demand'!E6 -> 50 | C18: ='2_FTE_Demand'!E7 -> 80 | D18: ='2_FTE_Demand'!E8 -> 35
A19: Gap (Actual − Required Total) | B19: =B18-B15 -> -17 | C19: =C18-C15 -> -29 | D19: =D18-D15 -> -44
A20: Action | B20: =IF(B19<-2,"HIRE "&ABS(B19)&" people",IF(B19>2,"OVER by "&B19&", redeploy or freeze","HOLD — within tolerance")) -> HIRE 17 people | C20: =IF(C19<-2,"HIRE "&ABS(C19)&" people",IF(C19>2,"OVER by "&C19&", redeploy or freeze","HOLD — within tolerance")) -> HIRE 29 people | D20: =IF(D19<-2,"HIRE "&ABS(D19)&" people",IF(D19>2,"OVER by "&D19&", redeploy or freeze","HOLD — within tolerance")) -> HIRE 44 people
A22: DIAGNOSTIC — WHICH LEVER TO PULL?
A23: Biggest shrinkage layer: | B23: =INDEX({"Internal Activity","Planned Leave","Unplanned Absent","Attrition"},MATCH(MAX(B5:B8),B5:B8,0)) -> Planned Leave | C23: =INDEX({"Internal Activity","Planned Leave","Unplanned Absent","Attrition"},MATCH(MAX(C5:C8),C5:C8,0)) -> Internal Activity | D23: =INDEX({"Internal Activity","Planned Leave","Unplanned Absent","Attrition"},MATCH(MAX(D5:D8),D5:D8,0)) -> Internal Activity
A24: Recommended lever: | B24: =IF(B23="Internal Activity","Reduce meetings/training time",IF(B23="Planned Leave","Throttle leave approvals",IF(B23="Unplanned Absent","Engagement/culture intervention","Recruitment + retention program"))) -> Throttle leave approvals | C24: =IF(C23="Internal Activity","Reduce meetings/training time",IF(C23="Planned Leave","Throttle leave approvals",IF(C23="Unplanned Absent","Engagement/culture intervention","Recruitment + retention program"))) -> Reduce meetings/training time | D24: =IF(D23="Internal Activity","Reduce meetings/training time",IF(D23="Planned Leave","Throttle leave approvals",IF(D23="Unplanned Absent","Engagement/culture intervention","Recruitment + retention program"))) -> Reduce meetings/training time
A26: METHODOLOGY REMINDER
A27: 1. Build the shrinkage stack: Internal Activity + Planned Leave + Unplanned Absent + Attrition
A28: 2. Convert shrinkage to buffer %: Shrinkage / (1 − Shrinkage)
A29: 3. Apply buffer: Buffer HC = Base FTE × Buffer %
A30: 4. Total Required = Base FTE + Buffer HC (or equivalently Base / (1 − Shrinkage))
A31: 5. Compare to Actual HC → decide hire / hold / redeploy
A32: 6. Look at biggest shrinkage component → pick the right lever to manage it
